,Age,Gender,Height (m),Avg_BPM,Session_Duration (hours),Workout_Type
0,53,Female,1.55,153,1.17,HIIT
1,47,Female,1.62,132,0.51,Cardio
2,18,Female,1.53,141,1.98,Ykoga
3,37,Female,1.57,123,0.97,Cardio
4,40,Male,1.99,149,1.16,
5,52,Female,1.67,124,1.5,
6,48,Female,1.59,149,1.19,Strength
7,56,Male,1.71,157,1.69,
8,47,Male,1.93,159,1.29,Cardio
9,47,Female,1.79,131,1.42,
10,56,Male,1.68,152,1.77,
11,22,Male,1.85,157,1.48,Cardio
12,58,Female,1.7,122,0.74,
13,18,Female,1.61,150,1.9,
14,52,Female,1.58,164,1.02,HIIT
15,27,Male,1.8,144,1.48,
16,59,Male,1.67,144,1.99,Cradio
17,31,Female,1.62,127,1.39,Yoga
18,31,Male,1.69,130,1.72,
19,49,Female,1.66,152,1.37,HIIT
20,20,Female,1.73,160,1.27,GIIT
21,31,Female,1.73,131,1.17,Yoga
22,51,Female,1.53,135,1.11,
23,43,Male,1.88,163,0.3900369299454417,Yoga
24,47,Male,1.86,129,1.85,HIIT
25,44,Female,1.78,159,1.49,
26,44,Male,1.97,167,1.66,Yoga
27,27,Male,1.87,153,1.62,Strength
28,29,Male,1.7,150,0.76,HIIT
29,49,Female,1.62,122,1.14,HIIT
30,22,Female,1.7,138,1.36,Strength
31,25,Female,1.56,156,3.70834792540197,Yoga
32,58,Male,1.87,143,1.57,HIIT
33,25,Male,1.9,160,1.47,Cardio
34,32,Male,1.62,158,1.18,Strength
35,48,Male,1.77,167,1.51,Cardio
36,29,Female,1.52,123,1.48,
37,-20,Female,1.52,127,1.03,Yoga
38,48,Male,1.7,140,1.660577110688744,Cardio
39,34,Male,1.94,141,1.18,Strength
40,39,Female,1.65,167,0.92,HIIT
41,39,Female,1.6,151,0.89,Yoga
42,28,Female,1.67,140,1.46,Strength
43,33,Female,1.66,156,1.29,HIIT
44,22,Female,1.56,121,1.45,
45,5,Male,1.83,146,1.1,HIIT
46,46,Female,1.73,142,1.11,
47,40,Male,1.82,160,0.9,Strength
48,54,Male,1.93,163,1.74,Strength
49,50,Female,1.58,120,1.93,yoga
50,52,Female,1.56,152,1.66,
51,21,Female,1.55,161,1.37,Strength
52,19,Male,1.7,162,0.83,
53,28,Male,2.0,135,3.468926324711059,Strength
54,35,Female,1.62,157,0.56,HIIT
55,57,Male,1.61,165,1.24,
56,48,Male,1.7,140,1.01,
57,50,Male,1.7,124,0.81,Cardio
58,22,Male,1.82,130,1.0,Yoga
59,56,Male,1.63,141,1.01,HIIT
60,51,Male,1.67,139,1.38,Yoga
61,248,Male,1.88,134,1.19,Yoga
62,53,Female,1.55,139,1.77,HIIT
63,36,Female,1.74,160,1.5,Cardio
64,32,Male,1.98,120,1.24,
65,35,Male,1.85,135,1.78,
66,57,Female,1.56,144,1.52,Cardio
67,46,Male,1.72,161,0.91,Cardio
68,54,Female,1.54,140,0.72,Cardio
69,23,Female,1.78,141,1.67,Yoga
70,53,Female,1.57,149,1.34,HIIT
71,40,Female,1.51,141,1.27,Cardio
72,46,Male,1.77,148,1.18,Yoga
73,45,Female,1.51,142,1.15,Strehngth
74,54,Male,1.86,147,1.14,
75,58,Female,1.78,154,1.58,HIIT
76,43,Female,1.79,166,1.98,Yoga
77,21,Female,1.52,154,1.08,
78,31,Female,1.65,166,1.1,Cadrio
79,29,Male,1.72,140,1.79,
80,30,Male,1.99,152,1.37,HIIT
81,29,Male,1.87,130,1.31,
82,25,Male,1.83,120,1.04,Cardio
83,42,Female,1.74,141,1.78,Yoga
84,50,Male,1.91,131,1.09,Yoga
85,48,Female,1.64,154,1.46,Yoga
86,-9,Female,1.66,122,1.11,Cardio
87,30,Female,1.62,166,1.26,
88,35,Male,1.74,143,1.03,HIIT
89,24,Female,1.5,132,1.25,
90,50,Female,1.75,166,1.22,Strength
91,30,Male,1.66,140,1.08,Cardio
92,42,Male,1.98,126,1.42,Yoga
93,58,Male,1.75,168,1.01,HIIT
94,31,Female,1.51,131,1.48,Cardio
95,38,Female,1.68,144,1.01,HIIT
96,47,Male,1.86,129,1.85,HIIT
97,21,Female,1.7,123,1.97,Strength
98,44,Male,1.8,139,0.73,
99,76,Male,1.87,158,1.44,Cardio
100,24,Female,1.79,165,1.97,Cardio
101,28,Female,1.61,164,1.32,Yoga
102,42,Male,1.91,136,1.01,
103,18,Male,1.67,153,1.46,Yoga
104,36,Female,1.74,160,1.5,Cardio
105,41,Male,1.8,126,2.211123734798969,Strength
106,19,Female,1.52,136,0.96,Strength
107,39,Female,1.69,148,1.25,HIIT
108,32,Male,1.74,127,1.45,
109,34,Female,1.78,144,1.33,
110,19,Female,1.79,125,0.81,HIIT
111,30,Female,1.52,138,1.78,
112,49,Female,1.67,166,0.93,Strength
113,47,Male,1.77,149,0.72,HIIT
114,100,Female,1.56,125,1.03,Yoga
115,59,Female,1.76,120,1.72,Cardio
116,54,Male,1.71,152,0.77,Cardio
117,56,Male,1.68,138,0.66,
118,25,Male,1.95,131,1.41,
119,32,Male,1.83,146,1.1,
120,56,Female,1.8,165,1.23,Cardio
121,48,Female,1.51,126,1.37,HIIT
122,29,Male,2.0,152,1.36,Strength
123,36,Male,1.77,156,1.19,HIIT
124,38,Female,1.79,161,0.62,Cardio
125,53,Male,1.97,139,1.7514595269659292,HIIT
126,36,Male,1.65,158,1.38,
127,53,Female,1.7,139,1.06,HIIT
128,20,Female,1.58,169,0.5,
129,18,Male,1.82,149,1.2,
130,35,Female,1.62,158,1.0,
131,20,Female,1.52,127,1.03,
132,46,Male,1.72,137,1.43,Yoga
133,34,Male,1.62,164,0.81,Yoga
134,32,Female,1.63,161,1.67,
135,52,Female,1.51,142,0.75,Strength
136,54,Male,1.86,142,1.54,
137,53,Female,1.55,131,1.41,
138,31,Female,1.64,141,0.7784511566080178,Strength
139,20,Female,1.68,145,0.91,HIIT
140,25,Female,1.65,142,1.2,Cardio
141,23,Male,1.92,134,0.89,Yoga
142,24,Female,1.79,165,1.97,
143,21,Male,1.84,132,1.3,Yoga
144,22,Female,1.72,132,1.48,Cardio
145,58,Male,1.66,168,1.33,Cardio
146,43,Male,1.83,134,1.45,Yoga
147,38,Male,1.62,165,1.34,Yoga
148,59,Female,1.76,120,1.72,
149,19,Female,1.59,128,1.14,Cardio
150,28,Male,1.84,136,1.08,Cardio
151,24,Female,1.76,127,0.86,Yoga
152,43,Male,1.84,132,1.3,Yoga
153,36,Male,1.99,147,0.7633223613398924,Yoga
154,39,Male,1.94,134,0.89,Yoga
155,28,Male,1.87,166,1.05,
156,39,Male,1.89,140,0.77,
157,26,Female,1.5,134,1.93,Strength
158,41,Male,1.77,149,1.22,HIIT
159,42,Female,1.67,149,1.14,Yoga
160,26,Male,1.62,126,1.16,Yoga
161,34,Male,1.64,147,1.9,
162,38,Male,1.79,158,0.64,Strengthh
163,45,Female,1.68,144,1.37,Strength
164,34,Male,1.71,135,0.96,
165,30,Male,1.66,140,1.08,Cardio
166,19,Female,1.69,147,1.05,
167,43,Female,1.73,165,1.67,Cardio
168,52,Male,1.62,141,1.36,HIIT
169,10,Male,1.74,138,1.34,Strength
170,37,Female,1.64,120,1.11,
171,25,Male,1.61,166,1.38,
172,37,Female,1.71,156,1.13,Yoga
173,45,Female,1.7,160,0.95,Yoga
174,38,Female,1.56,132,0.9365378086879316,HIIT
175,29,Male,1.86,141,0.64,Yoga
176,32,Female,1.66,122,1.11,Cardio
177,29,Male,1.86,123,1.52,Yoga
178,53,Male,1.91,137,0.52,
179,56,Female,1.56,155,1.26,
180,56,Male,1.71,157,0.6887813890690027,Yoga
181,44,Male,1.99,135,1.4,HIIT
182,48,Female,1.61,151,0.62,Cardio
183,39,Male,1.88,147,0.55,Cardio
184,27,Male,1.68,135,1.28,Cardio
185,36,Male,1.99,147,1.33,Yoga
186,99,Male,1.85,157,1.28,Yoga
187,47,Male,1.76,157,0.71,
188,47,Female,1.62,132,0.51,
189,-143,Female,1.79,159,1.99,Yoga
190,22,Male,1.82,130,1.0,Yogqa
191,41,Female,1.77,165,1.19,Cardio
192,52,Male,1.72,137,1.01,Strength
193,38,Female,1.54,131,1.47,
194,57,Female,1.75,160,1.39,
195,53,Male,1.91,137,17.080271966064938,Strength
196,49,Male,1.89,135,1.14,cardio
197,29,Male,1.93,143,1.88,Cardio
198,54,Male,1.95,140,1.17,
199,59,Male,1.71,150,0.57,
200,32,Male,1.62,125,1.28,Yoga
201,38,Female,1.58,130,0.74,Yoga
202,41,Male,1.87,128,1.87,
203,59,Female,1.52,162,1.4,Yoga
204,50,Female,1.53,155,1.41,
205,23,Female,1.72,169,1.25,Strength
206,27,Male,1.86,123,1.34,
207,51,Female,1.53,135,1.11,HIIT
208,58,Male,1.72,150,0.9,HIIT
209,53,Male,1.74,127,1.23,Strength
210,49,Male,1.61,158,1.03,Strength
211,26,Female,1.5,142,1.15,
212,29,Male,1.61,122,1.2,Yoga
213,47,Male,1.8,140,1.36,
214,22,Male,1.84,140,0.51,
215,32,Male,1.96,137,1.36,HIIT
216,52,Female,1.71,151,1.23,Strength
217,28,Female,1.5,128,1.94,Strength
218,32,Male,1.92,137,3.864705171522741,Cardio
219,41,Female,1.55,169,1.45,Strength
220,28,Female,1.6,129,1.1,Strength
221,28,Male,1.78,134,1.29,HIIT
222,43,Male,1.95,160,1.9,
223,21,Male,1.61,152,1.32,Yoga
224,42,Female,1.69,148,0.9402158984355824,Yoga
225,43,Female,1.74,143,1.5,HIIT
226,56,Male,1.66,151,1.37,
227,46,Female,1.53,151,0.6176746639645069,HIIT
228,26,Female,1.5,134,1.93,Strength
229,23,Male,1.94,120,1.35,HIIT
230,57,Male,1.99,126,0.024548953361354,Strength
231,47,Female,1.76,132,0.8,
232,45,Male,1.95,135,1.47,Yoga
233,52,Male,1.82,154,1.78,Yoga
234,39,Male,1.93,136,1.35,Cardio
235,20,Female,1.58,169,0.5069539761590538,Yoga
236,42,Female,1.53,149,1.07,Strength
237,29,Female,1.8,149,1.31,
238,34,Female,1.77,138,1.81,
239,37,Male,1.77,128,1.36,HIIT
240,45,Female,1.74,152,1.18,Cardio
241,27,Male,1.8,122,1.38,
242,38,Female,1.52,144,0.3063785914782126,Yoga
243,22,Male,1.9,128,1.91,Strength
244,54,Male,1.92,135,1.2,HIIT
245,20,Male,1.92,145,0.63,Cardio
246,24,Male,1.74,167,0.84,Yoga
247,27,Female,1.79,143,1.39,Cardio
248,38,Male,1.97,146,1.37,Cardio
249,46,Male,1.82,120,1.47,Cardio
250,41,Female,1.79,162,1.99,Yoga
251,36,Male,1.62,141,0.84,HIIT
252,54,Male,1.92,135,1.2,
253,59,Male,1.88,161,1.3,
254,25,Male,1.9,160,1.47,
255,47,Female,1.69,147,1.48,
256,26,Female,1.5,142,1.15,Cardio
257,18,Male,1.64,134,0.94,
258,24,Female,1.64,168,0.99,HIIT
259,33,Male,1.89,144,1.45,Cardio
260,53,Female,1.74,156,1.37,
261,29,Male,1.98,145,1.65,Strength
262,31,Female,1.62,169,1.56,
263,52,Male,1.72,137,2.341423371873825,Strength
264,48,Male,1.76,156,1.81,Strength
265,36,Female,1.72,128,1.63,Strength
266,28,Male,1.84,136,1.08,
267,28,Female,1.59,130,1.49,HIIT
268,33,Female,1.68,135,1.29,HIIT
269,31,Female,1.71,137,1.26,Cardio
270,52,Male,1.85,152,1.19,
271,37,Female,1.5,144,0.92,Yoga
272,19,Female,1.52,130,1.23,
273,85,Female,1.7,155,1.52,Strength
274,39,Male,1.83,154,1.35,
275,32,Female,1.63,161,1.67,HIIT
276,34,Male,1.71,135,1.3314117413923308,HIIT
277,29,Female,1.77,123,0.68,Yoga
278,19,Female,1.6,155,1.17,Cardio
279,52,Male,1.99,130,0.93,Cardio
280,18,Male,1.63,120,0.66,Cardio
281,59,Female,1.65,132,0.0454813112311064,Strength
282,51,Male,1.67,139,0.285719062056458,Yoga
283,32,Female,1.66,122,1.11,Cardio
284,36,Male,1.62,141,0.84,HIIT
285,24,Female,1.56,138,2.2605926792524604,HIIT
286,52,Female,1.71,151,1.23,Strength
287,54,Female,1.61,155,1.41,
288,37,Male,1.69,158,1.81,
289,22,Female,1.52,166,1.45,Strength
290,46,Female,1.6,143,0.88,Cardio
291,38,Female,1.79,161,0.7594899377620529,Cardio
292,35,Male,1.62,128,1.02,
293,45,Male,1.78,167,1.53,HIIT
294,50,Female,1.55,143,0.73,
295,57,Male,1.86,145,1.8,Cardio
296,48,Male,1.83,131,1.05,Yoga
297,19,Female,1.57,162,5.148469668884549,Cardio
298,43,Female,1.65,148,1.33,Cardio
299,23,Female,1.6,154,0.76,Strength
300,30,Male,1.92,127,1.13,HIIT
301,19,Male,1.85,143,1.21,Yoga
302,20,Male,1.84,132,0.83,HIIT
303,49,Female,1.65,133,1.16,HIIT
304,26,Female,1.63,139,1.7190418326442216,Strength
305,52,Male,1.74,145,1.84,Yoga
306,20,Female,1.78,137,1.71,Cardio
307,45,Male,1.61,141,1.14,Cardio
308,41,Male,1.72,132,1.01,Cardio
309,37,Male,1.89,168,0.54,Cardio
310,54,Female,1.75,154,1.76,
311,31,Female,1.65,166,1.060420363732757,Cardio
312,33,Female,1.5,144,0.92,Yoga
313,49,Female,1.65,148,1.03,Yoga
314,57,Female,1.62,149,1.01,Strength
315,56,Male,1.92,136,0.68,Strength
316,55,Female,1.7,121,1.32,Stregth
317,37,Male,1.95,135,1.58,Yoga
318,41,Male,1.96,168,0.51,
319,49,Male,1.87,158,1.29,HIIT
320,43,Female,1.77,157,1.48,
321,42,Male,1.98,128,0.086440394616914,Yoga
322,40,Female,1.53,143,1.93,
323,37,Female,1.76,121,1.21,Strength
324,58,Female,1.68,159,1.7528408189675504,Yoga
325,57,Male,1.74,144,1.21,
326,18,Female,1.59,125,1.87,
327,27,Male,1.98,153,1.8,
328,18,Male,1.84,148,1.73,
329,20,Male,1.8,160,0.79,Yoga
330,55,Male,1.88,134,1.19,Yoga
331,-56,Female,1.72,154,0.97,Cardio
332,50,Female,1.6,140,3.138109598590406,Yoga
333,28,Female,1.58,135,1.49,Cardio
334,33,Female,1.54,155,1.06,Strength
335,47,Male,1.71,169,1.42,
336,42,Male,1.63,136,0.52,
337,28,Male,1.79,138,1.35,Cardio
338,54,Female,1.57,163,1.14,Cardio
339,44,Male,1.84,120,1.26,HIIT
340,35,Male,1.63,163,1.1,Cardio
341,34,Female,1.5,132,1.37,
342,57,Female,1.57,151,1.05,HIIT
343,38,Female,1.72,148,1.07,Cardio
344,45,Male,1.96,167,1.29,
345,39,Female,1.71,125,1.88,Strength
346,19,Female,1.75,140,1.2,cardio
347,24,Male,1.67,133,0.97,Strength
348,32,Male,1.96,137,1.36,HIIT
349,39,Female,1.71,148,1.95,Yoga
350,58,Female,1.58,165,1.97,Strength
351,36,Male,1.95,128,1.09,Strength
352,37,Male,1.67,132,1.39,
353,52,Male,1.69,148,0.53,Cardio
354,30,Female,1.55,120,1.3,
355,37,Female,1.74,141,1.03,CARDIO
356,28,Male,2.0,135,1.32,Strength
357,44,Female,1.55,129,1.41,Strength
358,43,Male,1.88,163,1.03,Yoga
359,49,Male,1.68,163,1.82,
360,57,Male,1.63,133,0.96,Yoga
361,32,Male,1.64,123,1.77,Cardio
362,57,Male,1.86,146,1.1,Strength
363,35,Male,1.71,145,1.34,Strength
364,52,Male,1.72,143,1.31,Strength
365,30,Female,1.77,130,1.41,
366,26,Female,1.63,139,1.08,
367,33,Female,1.61,147,1.77,Yoga
368,43,Female,1.59,136,0.82,
369,54,Female,1.53,120,1.74,
370,59,Male,1.62,125,1.43,Strength
371,35,Male,1.66,161,1.3,Strength
372,49,Male,1.89,135,1.14,Cardio
373,59,Male,1.76,123,1.13,
374,32,Male,1.67,143,0.57,
375,57,Male,1.65,166,1.57,
376,19,Female,1.63,132,1.87,Cardio
377,45,Female,1.55,121,1.67,
378,38,Female,1.72,148,1.07,Cardio
379,41,Male,1.77,149,1.22,HIIT
380,20,Male,1.6,168,5.473005895307964,Yoga
381,46,Female,1.65,137,1.69,
382,52,Male,1.63,150,1.26,Cardio
383,20,Female,1.73,152,1.39,Strenggh
384,34,Male,1.81,167,1.36,Yoga
385,46,Male,1.72,161,0.91,
386,41,Male,1.66,139,1.97,HIIT
387,34,Male,1.76,143,0.73,
388,19,Female,1.63,128,1.35,HIIT
389,41,Male,1.79,139,1.69,
390,39,Female,1.61,128,1.17,HIIT
391,45,Male,1.61,141,1.14,Cardio
392,27,Male,1.83,123,1.41,
393,20,Female,1.58,166,1.04,Strength
394,53,Male,1.97,139,1.3,HIIT
395,47,Female,1.58,163,1.03,
396,52,Male,1.72,129,0.93,Cardio
397,19,Female,1.58,121,1.46,Cardio
398,39,Female,1.64,154,1.33,Cardio
399,54,Female,1.65,129,1.29,
400,38,Female,1.58,130,0.74,
401,45,Male,1.95,168,1.06,Yoga
402,51,Female,1.55,139,1.4,Yoga
403,34,Female,1.53,134,1.36,HIIT
404,35,Male,1.66,161,7.318423552830588,Strength
405,41,Female,1.57,123,1.04,HIIT
406,41,Female,1.79,162,0.5092561038649447,Yoga
407,140,Female,1.5,165,1.38,Strength
408,52,Female,1.62,121,1.41,
409,41,Male,1.69,143,0.77,Yogaa
410,50,Male,1.61,133,1.16,Strength
411,23,Male,1.8,126,1.55,Cardio
412,26,Female,1.6,136,1.08,
413,23,Female,1.55,132,1.38,
414,26,Female,1.66,125,0.81,HIIT
415,49,Male,1.87,158,1.29,
416,25,Male,1.98,122,1.15,
417,32,Male,1.88,143,1.52,
418,23,Male,1.8,162,0.7,Strength
419,21,Female,1.68,127,1.19,Cardio
420,33,Female,1.71,136,1.08,Cardio
421,40,Male,1.98,138,1.43,Cardio
422,20,Female,1.78,133,1.42,HIIT
423,56,Male,1.87,124,1.51,
424,43,Female,1.77,157,1.48,HIIT
425,44,Female,1.79,165,1.41,HIIT
426,30,Male,1.95,155,1.61,Yoga
427,52,Female,1.58,164,1.02,HIIT
428,34,Male,1.81,167,1.36,
429,39,Male,1.75,165,1.32,Cardio
430,22,Male,1.92,144,1.16,
431,54,Male,1.94,132,1.35,Strength
432,26,Male,1.79,156,1.17,Strength
433,23,Female,1.62,122,0.58,Yoga
434,21,Male,1.93,141,1.32,HIIT
435,52,Female,1.58,135,1.87,HIIT
436,59,Male,1.75,135,1.48,
437,32,Female,1.66,160,0.51,Cardio
438,43,Male,1.77,151,1.08,hiit
439,47,Male,1.9,148,0.76,HIIT
440,41,Female,1.76,161,1.27,
441,59,Male,1.69,149,1.24,
442,28,Female,1.58,135,1.49,Cardio
443,31,Female,1.8,157,0.59,Cardio
444,19,Male,1.93,168,1.27,Strength
445,59,Female,1.57,169,0.58,Cardio
446,40,Female,1.6,130,0.87,Yoga
447,20,Female,1.61,122,1.08,HIIT
448,53,Female,1.76,149,1.06,HIIT
449,39,Female,1.64,154,1.33,
450,50,Female,1.72,135,1.24,Strength
451,22,Female,1.76,167,1.37,HIIT
452,50,Male,1.72,125,1.46,
453,35,Male,1.63,160,1.41,
454,24,Male,1.74,158,1.57,
455,19,Male,1.93,168,0.3524617571111673,Strength
456,43,Male,1.82,124,1.08,Strength
457,37,Female,1.69,131,0.54,
458,42,Female,1.75,162,1.29,
459,29,Male,1.99,126,1.45,Strength
460,47,Male,1.77,138,1.2,
461,42,Female,1.57,122,1.83,Cardio
462,23,Male,1.93,139,2.2099953050307417,HIIT
463,50,Female,1.79,131,1.6,HIIT
464,44,Female,1.76,124,0.88,
465,28,Male,1.76,121,1.2,Yoga
466,21,Female,1.55,161,0.7070122921701112,Strength
467,26,Female,1.67,121,1.37,Strength
468,22,Male,1.68,134,1.24,Yoga
469,36,Male,1.65,126,1.23,Strength
470,26,Male,1.87,132,1.71,
471,47,Male,1.93,159,2.2279879759353896,Cardio
472,31,Male,1.71,121,1.49,HIIT
473,53,Male,1.63,124,0.54,Cardio
474,26,Male,1.68,129,1.13,Yoga
475,22,Female,1.59,139,1.27,Strength
476,23,Female,1.59,123,1.8,
477,50,Female,1.77,164,1.03,Yoga
478,43,Male,1.63,139,1.18,Strength
479,18,Female,1.55,125,0.84,Cardio
480,43,Male,1.85,157,1.28,
481,51,Female,1.51,134,0.92,Strength
482,54,Female,1.52,139,0.76,
483,27,Male,1.64,162,1.82,HIIT
484,35,Female,1.62,158,0.6938599589346394,Cardio
485,23,Male,1.79,127,1.0,
486,20,Male,1.94,156,1.02,
487,32,Male,1.92,137,1.39,Cardio
488,46,Female,1.72,147,1.41,Cardio
489,57,Male,1.63,133,0.96,
490,45,Female,1.57,133,0.66,Cardio
491,50,Female,1.75,120,0.67,Cardio
492,22,Male,1.77,139,1.04,
493,45,Male,1.87,158,1.44,Cardio
494,55,Male,1.78,153,1.44,Cardiio
495,22,Female,1.61,144,1.62,HIIT
496,54,Male,1.76,158,1.48,Yoga
497,23,Male,1.91,129,1.87,
498,40,Female,1.56,136,0.61,
499,21,Male,1.69,133,0.1433458092919708,Yoga
500,56,Male,1.9,126,0.66,HIIT
501,45,Female,1.64,159,1.25,strength
502,53,Male,1.61,123,1.87,
503,41,Male,1.71,131,1.2,
504,45,Female,1.68,129,0.76,HIIT
505,32,Male,1.62,128,0.58,Cardio
506,28,Male,1.66,153,1.09,Yoga
507,56,Female,1.69,137,1.99,Cardio
508,43,Male,1.92,161,1.24,
509,40,Male,1.62,143,1.3,HIIT
510,-149,Male,1.79,155,1.51,HIIT
511,58,Female,1.69,162,1.28,Strength
512,24,Female,1.75,146,1.41,
513,50,Male,1.67,158,1.37,Yoga
514,42,Female,1.77,139,0.61,
515,42,Female,1.57,122,1.83,Cardoi
516,27,Male,1.97,151,0.74,HIIT
517,38,Male,1.97,146,1.37,Cardio
518,50,Female,1.55,122,1.85,Strength
519,43,Female,1.61,127,1.28,Cardio
520,44,Female,1.55,129,1.41,
521,33,Female,1.5,144,0.92,Yoga
522,21,Male,1.72,151,1.26,strength
523,42,Male,1.81,151,1.54,Yoga
524,22,Male,1.93,139,1.42,
525,33,Female,1.63,120,1.58,
526,40,Female,1.79,153,1.79,Yoga
527,24,Female,1.51,157,7.281491051445029,Cardio
528,48,Male,1.74,167,1.48,HIIT
529,43,Male,1.69,155,1.14,Cardio
530,19,Male,1.91,149,1.31,
531,56,Female,1.73,129,0.83,Strength
532,58,Male,1.66,161,1.21,
533,50,Male,1.6,122,0.77,Strength
534,25,Male,1.61,159,1.93,HIIT
535,58,Female,1.67,125,1.38,
536,52,Female,1.56,152,1.66,HIIT
537,24,Female,1.51,157,1.04,Cardio
538,54,Male,2.0,123,1.13,Yoga
539,226,Male,1.79,130,1.17,Yoga
540,19,Female,1.68,145,1.21,Yoga
541,50,Male,1.6,122,0.77,Strength
542,43,Female,1.58,149,1.86,HIIT
543,26,Female,1.66,125,0.81,HIIT
544,21,Female,1.78,138,0.55,HIIT
545,31,Female,1.77,127,1.72,HIIT
546,22,Female,1.62,123,1.38,HIIT
547,21,Female,1.71,132,1.07,
548,59,Male,1.76,168,1.35,Strength
549,29,Female,1.55,120,1.2,
550,21,Male,1.81,150,1.3,
551,-48,Male,1.96,150,1.83,HIIT
552,28,Female,1.62,147,0.68,
553,22,Female,1.72,128,1.0,Yoga
554,56,Female,1.7,146,1.29,STRENGTH
555,47,Male,1.6,126,1.86,HIIT
556,59,Female,1.52,162,1.4,Yoga
557,52,Female,1.69,135,1.36,HIIT
558,19,Female,1.53,167,1.33,
559,53,Female,1.55,141,1.12,
560,48,Male,1.61,121,1.36,Carddio
561,37,Male,1.82,127,1.8844190337744833,Yoga
562,70,Female,1.62,166,1.26,Cardio
563,20,Male,1.62,132,1.35,Cardio
564,52,Female,1.54,146,1.34,Cardio
565,50,Female,1.68,161,1.17,
566,34,Male,1.78,130,1.38,Strength
567,25,Female,1.71,157,1.43,
568,28,Female,1.79,159,1.99,Yoga
569,46,Female,1.71,153,1.67,
570,45,Male,1.71,129,0.83,Strengtu
571,39,Male,1.99,133,0.81,HIIT
572,55,Male,1.71,130,1.03,Strength
573,25,Female,1.77,141,0.89,Cardio
574,40,Female,1.55,163,0.85,Yoga
575,50,Male,1.69,156,1.31,Cardio
576,20,Male,1.62,132,1.3025116206052283,Cardio
577,46,Male,1.68,147,1.16,Strength
578,43,Female,1.66,132,1.88,
579,30,Male,1.96,136,0.66,Y oga
580,30,Male,1.99,152,1.37,
581,25,Male,1.95,136,1.94,Yoga
582,36,Male,1.94,123,1.8,HIIT
583,29,Male,1.81,156,1.29,
584,49,Male,1.86,160,1.87,Strength
585,45,Female,1.75,148,1.14,Yoga
586,33,Female,1.61,147,1.77,Yoga
587,55,Male,1.81,167,1.2,Strength
588,27,Female,1.52,120,1.19,Strength
589,25,Female,1.58,145,1.36,
590,43,Male,1.79,156,1.31,
591,46,Male,1.77,162,1.48,
592,54,Female,1.59,166,1.08,Cardio
593,41,Male,1.83,162,0.79,Yoga
594,23,Male,1.85,150,1.6,Cardio
595,204,Female,1.58,135,1.49,Cardio
596,47,Female,1.76,132,0.8,Strength
597,44,Male,1.83,130,1.28,
598,32,Female,1.62,122,1.24,
599,52,Female,1.69,152,1.8,
600,56,Female,1.69,137,1.99,
601,31,Female,1.64,125,1.54,Cardio
602,34,Male,1.63,136,1.41,HIIT
603,47,Male,1.6,126,1.86,
604,172,Female,1.72,148,1.07,Cardio
605,34,Male,1.68,128,0.67,
606,42,Male,1.87,165,1.38,HIIT
607,31,Female,1.77,127,1.72,
608,25,Female,1.62,161,1.04,
609,42,Male,1.93,158,1.68,Yoga
610,52,Female,1.68,125,1.6,Strength
611,42,Female,1.74,130,1.04,Strength
612,23,Female,1.7,125,0.51,
613,39,Female,1.71,125,1.88,Streength
614,48,Female,1.69,159,0.75,HIIT
615,49,Male,1.83,125,3.2962141675406182,Yoga
616,19,Male,1.85,156,1.66,Strength
617,20,Male,1.84,132,0.83,HIIT
618,50,Female,1.75,120,0.67,Cardio
619,24,Female,1.75,146,1.41,Cardio
620,53,Female,1.79,160,1.34,
621,59,Female,1.77,128,1.46,Strength
622,36,Male,1.72,169,1.49,Cardio
623,50,Male,1.72,125,1.46,Strength
624,48,Male,1.86,141,1.36,Cardio
625,54,Female,1.72,154,0.97,Cardio
626,32,Male,1.88,143,0.2749799351948999,Cardio
627,44,Female,1.66,152,1.4,Strength
628,45,Male,1.79,168,1.46,
629,34,Male,1.85,134,1.18,HIIT
630,47,Male,1.65,157,0.77,Cardio
631,53,Male,1.74,127,1.23,Stren gth
632,28,Male,2.0,135,1.32,Strength
633,52,Male,1.94,121,1.46,
634,40,Male,1.88,141,1.22,
635,50,Male,1.67,127,0.53,HIIT
636,37,Female,1.74,141,1.03,Cardio
637,34,Female,1.62,150,1.5500538300052105,Cardio
638,50,Male,1.63,143,1.7,Cardio
639,50,Male,1.69,156,1.31,Cardio
640,28,Male,1.9,158,1.18,
641,50,Male,1.77,129,1.85,Yoga
642,37,Male,1.82,127,1.23,
643,21,Male,1.86,129,1.37,
644,-149,Male,1.72,151,1.26,Strength
645,26,Female,1.53,148,0.150416025093145,Strength
646,21,Female,1.55,161,1.37,
647,21,Male,1.66,159,1.38,
648,33,Female,1.66,129,1.25,HIIT
649,38,Female,1.56,132,1.64,
650,24,Female,1.56,138,1.42,
651,20,Female,1.58,167,1.07,HIIT
652,34,Male,1.78,130,1.38,
653,33,Female,1.52,126,1.02,Cardio
654,34,Female,1.6,130,0.64,HIIT
655,43,Female,1.72,160,1.03,Strength
656,24,Male,1.79,154,1.76,HIIT
657,52,Female,1.54,165,1.36,
658,43,Female,1.61,124,1.04,
659,18,Female,1.74,165,1.2,Crdio
660,49,Female,1.65,148,1.03,
661,59,Male,1.88,161,1.3,HIIT
662,50,Female,1.59,163,1.26,
663,58,Female,1.67,129,1.28,
664,44,Female,1.79,165,1.41,
665,44,Male,1.85,126,1.35,Strength
666,32,Male,1.92,165,1.42,Strength
667,24,Female,1.57,166,1.29,HIIT
668,42,Male,1.77,127,1.77,HIIT
669,36,Female,1.75,128,0.99,
670,23,Male,1.85,167,0.4201374532440909,Yoga
671,45,Male,1.96,167,1.29,Cardio
672,32,Male,1.92,168,1.93,
673,47,Male,1.86,129,1.3364874711968553,HIIT
674,38,Female,1.6,142,1.21,Yoga
675,28,Female,1.61,164,1.32,Yo9a
676,203,Male,1.79,139,1.69,Cardio
677,47,Male,1.99,153,1.98,Strength
678,26,Female,1.61,139,1.88,Yoga
679,31,Female,1.51,131,1.48,Cardio
680,56,Male,1.85,144,1.57,Cardio
681,41,Male,1.61,136,1.06,Strength
682,55,Female,1.67,167,1.37,
683,44,Male,1.84,120,1.26,HIIT
684,48,Female,1.59,149,1.8547627626446983,Strength
685,35,Female,1.64,164,1.28,
686,54,Female,1.66,152,1.4,Strength
687,37,Female,1.57,150,1.31,Strength
688,55,Female,1.73,158,1.08,Yoga
689,28,Male,1.79,120,1.33,
690,31,Male,1.93,135,0.6,Cardio
691,32,Female,1.57,167,1.65,HIIT
692,51,Female,1.5,142,1.4281976280244963,Cardio
693,46,Female,1.54,125,1.61,Strength
694,24,Female,1.75,144,0.3307221003420946,Strength
695,22,Female,1.54,155,1.02,Cardio
696,43,Male,1.76,122,1.09,Yoga
697,46,Male,1.87,161,1.31,
698,42,Male,1.6,163,1.31,Strength
699,18,Female,1.59,125,1.87,Strength
700,45,Female,1.65,148,1.44,
701,21,Male,1.6,121,1.71,
702,37,Male,1.89,168,0.54,Cardio
703,55,Male,1.79,122,1.19,Cardio
704,51,Male,1.62,133,1.56,
705,31,Female,1.76,121,1.46,Sttrength
706,51,Female,1.55,132,0.71,
707,41,Female,1.55,169,1.4872758830986783,Strength
708,46,Male,1.63,146,0.75,Strength
709,37,Female,1.69,131,0.54,Cardio
710,49,Male,1.61,158,1.03,Strength
711,46,Female,1.65,147,0.7,Cardio
712,45,Male,1.91,143,1.03,Cardio
713,48,Male,1.83,131,1.05,
714,52,Male,1.78,132,1.2448030995944228,HIIT
715,26,Male,1.9,167,1.02,Yoga
716,40,Female,1.61,158,1.55,
717,31,Female,1.56,124,1.8,
718,38,Female,1.52,144,1.19,oga
719,55,Male,1.72,168,0.77,Strength
720,18,Male,1.96,150,1.83,
721,18,Male,1.63,120,0.66,Cardio
722,36,Female,1.77,147,1.65,
723,51,Male,1.61,129,1.36,Cardio
724,38,Male,1.77,142,1.12,CARDIO
725,39,Male,1.7,155,1.1,Strength
726,26,Female,1.65,120,1.07,Cardio
727,20,Male,1.81,161,1.35,Yoga
728,22,Male,1.62,138,0.91,HIIT
729,40,Female,1.66,120,1.27,
730,57,Female,1.52,129,1.73,Strength
731,35,Male,1.76,121,0.84,HI IT
732,22,Male,1.9,128,1.91,Strength
733,58,Female,1.57,155,1.08,HIIT
734,48,Male,1.82,149,1.9,HIIT
735,22,Male,1.62,162,1.88,Strength
736,38,Male,1.79,158,0.64,Strength
737,57,Male,1.69,133,1.76,Yoga
738,52,Female,1.51,165,1.83,HIIT
739,50,Male,1.68,139,1.79,Cardio
740,28,Male,1.79,120,1.33,HIIT
741,47,Male,1.76,157,0.71,Strength
742,45,Female,1.58,168,1.47,
743,39,Male,1.88,147,0.55,Cardio
744,33,Male,1.99,137,1.59,
745,36,Male,1.88,137,1.98,
746,26,Male,1.77,120,1.15,
747,40,Male,1.76,167,1.63,Strength
748,31,Female,1.54,144,1.03,Cardio
749,45,Female,1.78,158,1.46,Cardio
750,41,Female,1.59,153,1.84,HIIT
751,32,Male,1.6,145,1.99,HIIT
752,21,Female,1.68,127,1.19,Cardio
753,44,Female,1.65,169,1.27,
754,54,Female,1.74,129,1.24,HIIT
755,57,Female,1.63,134,1.2,Yoga
756,54,Female,1.59,166,1.08,Cardio
757,45,Male,1.86,136,1.64,HIIT
758,43,Female,1.52,137,1.42,Yoga
759,48,Female,1.59,149,1.19,Strength
760,49,Male,1.89,127,0.7,Yoga
761,38,Male,1.74,167,26.453491516606334,Strength
762,59,Female,1.77,128,1.46,Strength
763,49,Male,1.72,128,1.46,Yoga
764,32,Female,1.66,122,2.284693321801652,Cardio
765,51,Male,1.77,155,1.47,Strength
766,34,Female,1.62,145,1.76,
767,28,Female,1.79,159,1.4252753898897708,Yoga
768,28,Female,1.79,159,1.99,Yoga
769,29,Male,1.89,137,1.75,
770,58,Female,1.75,128,0.63,
771,57,Female,1.57,151,1.05,UHIIT
772,53,Male,1.95,138,0.9421387052002552,HIIT
773,40,Male,2.0,161,1.42,Strength
774,36,Female,1.68,144,1.23,
775,39,Male,1.82,160,1.96,
776,35,Female,1.59,145,1.63,
777,28,Female,1.67,140,1.46,
778,49,Female,1.52,130,1.1,HIIT
779,49,Male,1.72,120,1.4,Yoga
780,18,Female,1.68,158,1.27,Strength
781,54,Male,1.76,137,1.28,Cardio
782,59,Male,1.89,153,0.66,
783,35,Male,1.79,125,1.08,
784,50,Male,1.96,139,0.97,
785,52,Male,1.78,132,0.85,
786,42,Male,1.97,157,1.14,HIIT
787,-29,Female,1.72,169,1.25,Strength
788,23,Male,1.71,149,1.15,Strength
789,54,Female,1.78,149,1.27,Cardio
790,40,Female,1.6,130,0.7889032617729826,Yoga
791,46,Female,1.53,151,1.3,HIIT
792,39,Male,1.94,134,0.89,Yoga
793,34,Male,1.64,134,1.26,
794,24,Female,1.56,138,0.8668900742911009,HIIT
795,49,Male,1.89,127,0.7,Yoga
796,48,Female,1.6,166,1.34,Strength
797,50,Female,1.68,135,1.2,
798,49,Male,1.91,125,1.38,HIIT
799,57,Female,1.56,138,1.45,
800,19,Female,1.58,121,1.491004044729841,Cardio
801,59,Male,1.92,127,0.72,Cardio
802,34,Female,1.69,157,0.81,Cardio
803,36,Male,1.94,123,1.8,HIIT
804,30,Male,1.75,168,1.25,Yoga
805,58,Female,1.78,140,1.05,Cardio
806,43,Female,1.59,136,0.82,Strength
807,25,Male,1.96,135,2.5408559408339806,Cardio
808,39,Male,1.88,160,0.72,
809,29,Male,1.86,141,0.64,Yoga
810,37,Female,1.5,130,0.660933176715288,Cardio
811,21,Male,1.9,137,1.8,
812,48,Female,1.58,124,1.98,
813,51,Female,1.6,125,1.49,
814,-168,Female,1.72,168,1.08,Cardio
815,31,Female,1.64,141,0.57,Strength
816,45,Female,1.54,133,1.67,
817,43,Male,1.83,136,1.11,Yoga
818,31,Female,1.76,150,1.81,Yoga
819,45,Female,1.65,136,1.45,Strength
820,27,Male,1.76,132,0.68,Cardio
821,58,Female,1.68,159,1.03,Yoga
822,56,Male,1.66,166,1.29,
823,23,Female,1.62,168,1.59,Cardio
824,19,Female,1.68,145,1.21,Yoga
825,40,Female,1.71,143,1.87,Strength
826,42,Male,1.77,127,1.77,HIIT
827,36,Male,1.86,129,1.37,
828,58,Female,1.58,165,7.212700060020163,Strength
829,42,Female,1.71,169,1.42,Yoga
830,31,Female,1.64,125,1.54,Cardio
831,20,Male,1.92,136,1.72,
832,33,Female,1.71,135,1.18,
833,36,Female,1.72,128,1.63,Strength
834,22,Male,1.74,138,1.34,Strength
835,46,Female,1.53,140,1.83,
836,53,Female,1.65,126,1.24,
837,45,Female,1.68,129,0.76,HIIT
838,25,Female,1.62,144,1.49,Yoga
839,51,Female,1.8,130,1.07,HIIT
840,53,Female,1.65,126,1.24,HIIT
841,30,Female,1.63,141,1.85,Strength
842,39,Female,1.6,136,1.44,HIIT
843,53,Female,1.79,141,1.52,Strength
844,55,Female,1.76,161,1.28,
845,-128,Male,1.84,136,1.37,Strength
846,22,Male,1.63,162,1.35,Cardio
847,43,Male,1.72,147,3.4261502764315317,Strength
848,43,Male,1.63,139,1.18,
849,29,Female,1.57,132,1.33,Yoga
850,39,Female,1.75,131,1.13,Strength
851,54,Female,1.6,155,1.19,
852,39,Male,1.82,161,1.26,
853,31,Female,1.67,137,1.02,
854,57,Male,1.61,165,1.24,Cardio
855,20,Male,1.94,131,1.14,HIIT
856,110,Male,1.93,139,1.72,HIIT
857,33,Male,1.99,125,1.38,Strength
858,84,Female,1.75,122,0.94,Yoga
859,50,Female,1.57,132,1.25,HIIT
860,49,Female,1.73,151,1.38,
861,57,Male,1.86,146,1.1,Strength
862,19,Female,1.75,140,1.2,Cardio
863,27,Male,1.61,166,1.75,
864,41,Male,1.77,149,1.158444305985835,HIIT
865,22,Male,1.68,134,1.24,Yoga
866,36,Male,1.77,156,1.19,
867,22,Female,1.77,158,1.49,Yoga
868,36,Male,1.65,158,1.38,Cardio
869,46,Male,1.68,147,1.16,Strength
870,58,Male,1.72,150,0.9,
871,26,Male,2.0,133,0.2555109145824215,HIIT
872,20,Female,1.69,163,1.28,Strength
873,41,Male,1.78,149,1.26,
874,23,Female,1.73,156,1.47,
875,25,Male,1.99,121,1.13,HIIT
876,43,Female,1.59,158,1.31,
877,36,Male,1.63,135,1.02,
878,42,Female,1.69,148,1.07,Yoga
879,43,Male,1.85,121,1.18,Cardio
880,58,Male,1.79,169,1.12,HIIT
881,42,Female,1.62,139,1.17,Yoga
882,46,Male,2.0,162,1.83,
883,30,Male,1.66,152,1.32,
884,49,Female,1.52,130,1.3450941567546342,HIIT
885,21,Male,1.95,131,0.97,Yoga
886,59,Male,1.72,152,1.08,
887,47,Male,1.66,168,1.33,Cardio
888,41,Male,1.67,146,0.82,HIIT
889,52,Male,1.74,138,1.48,Strength
890,43,Female,1.58,149,1.86,HIIT
891,47,Male,1.84,159,1.44,
892,21,Female,1.65,154,1.14,Strength
893,26,Male,1.73,160,1.32,
894,53,Male,1.92,161,1.36,
895,26,Female,1.53,148,1.14,
896,49,Female,1.74,156,1.24,
897,20,Male,1.73,153,1.01,Cardio
898,37,Female,1.77,123,1.01,
899,46,Female,1.61,152,1.0,Strentgh
900,29,Male,1.78,168,0.78,
901,32,Male,1.92,137,1.39,
902,35,Female,1.59,145,1.63,Yoga
903,25,Male,1.7,164,0.59,Strength
904,37,Male,1.74,138,1.11,Yoga
905,25,Female,1.76,152,1.56,
906,52,Female,1.63,148,1.17,Strength
907,51,Female,1.5,142,1.43,Cardio
908,24,Female,1.75,144,0.83,
909,52,Male,1.63,150,1.26,Cardio
910,25,Female,1.51,161,1.62,
911,53,Male,1.76,137,1.67,Cardio
912,43,Male,1.82,124,1.08,
913,40,Male,1.94,162,0.81,Strength
914,52,Male,1.86,129,1.01,Yoga
915,40,Male,1.61,128,0.87,HIIT
916,25,Female,1.67,138,1.03,Yoga
917,29,Male,1.65,128,1.66,
918,42,Male,1.77,134,1.32,HIIT
919,21,Male,1.69,133,1.06,
920,37,Female,1.5,130,0.69,Gardio
921,20,Male,1.75,121,1.33,Yoga
922,41,Male,1.8,126,1.09,
923,37,Male,1.82,121,1.49,
924,57,Male,1.99,126,1.13,Strength
925,29,Male,1.61,128,1.41,
926,18,Female,1.57,127,1.07,
927,30,Female,1.74,150,1.08,Strength
928,56,Male,1.86,159,1.09,
929,55,Male,1.68,165,1.13,Cardio
930,52,Male,1.6,120,1.34,
931,7,Female,1.51,129,1.7,Strength
932,35,Male,1.74,143,1.03,HIIT
933,20,Female,1.68,145,2.2816072947689903,HIIT
934,41,Male,1.61,136,1.06,Strength
935,49,Male,1.83,125,1.98,Yoga
936,38,Male,1.92,150,1.31,Cardio
937,20,Male,1.91,143,1.36,
938,23,Female,1.72,169,1.25,
939,35,Male,1.94,158,0.84,Cardio
940,19,Female,1.77,136,1.4,YIIT
941,18,Female,1.61,150,1.9,Yoga
942,31,Female,1.6,163,1.09,Cardio
943,42,Male,1.97,157,1.14,
944,22,Female,1.52,166,1.83,yoga
945,57,Male,1.86,141,1.14,
946,54,Female,1.61,157,1.48,HIIT
947,47,Female,1.58,163,1.03,Yoga
948,56,Female,1.68,156,1.59,HIIT
949,45,Male,1.78,167,1.53,HIIT
950,52,Male,1.85,152,1.19,Cardio
951,26,Male,1.66,125,0.93,Yoga
952,23,Female,1.58,132,0.56,
953,42,Male,1.93,147,1.22,Cardio
954,27,Female,1.58,142,1.26,Cardio
955,28,Female,1.63,154,1.1,
956,-67,Female,1.73,151,1.38,Cardio
957,53,Male,1.84,130,0.69,
958,50,Male,1.91,131,1.09,Yoga
959,38,Male,1.71,148,1.52,HIIT
960,40,Male,1.74,133,0.91,Yoga
961,27,Male,1.7,150,0.96,HIIT
962,51,Female,1.51,134,0.92,Strength
963,38,Male,1.77,140,0.8,Yoga
964,19,Male,1.78,161,1.28,Cardio
965,58,Male,1.75,137,1.09,HIIT
966,19,Female,1.77,137,1.28,Strength
967,26,Female,1.53,148,1.14,Strength
968,31,Female,1.67,137,1.02,Yoga
969,38,Male,1.77,140,0.8,Yoga
970,23,Male,1.85,167,0.72,
971,32,Male,1.62,128,0.58,Cardio
972,22,Female,1.52,166,1.45,Strength
973,30,Male,2.0,160,1.24,Cardio
974,20,Male,1.99,146,1.69,HIIT
975,40,Male,1.61,128,0.87,
976,50,Male,1.98,126,0.92,
977,18,Male,1.93,139,1.72,HIIT
978,55,Female,1.69,140,0.9,Yoga
979,20,Female,1.68,145,0.91,HIIT
980,43,Male,1.88,142,1.17,Cardio
981,42,Male,1.65,166,1.1,Cardio
982,37,Female,1.75,127,1.38,Strength
983,50,Male,1.71,155,1.48,
984,31,Male,1.98,129,0.71,
985,59,Male,1.95,167,1.07,Strength
986,28,Male,1.62,162,1.16,
987,35,Male,1.71,145,1.34,Str ength
988,19,Male,1.77,127,1.5,
989,18,Female,1.54,125,0.97,
990,59,Male,1.95,167,1.483937555778832,Strength
991,54,Male,1.9,146,0.81,Yoga
992,45,Female,1.7,160,0.95,
993,53,Male,1.76,151,1.09,
994,38,Male,1.79,138,1.74,
995,20,Male,1.99,146,0.0348046315471509,HIIT
996,33,Female,1.53,126,1.84,
997,51,Female,1.77,123,1.08,
998,46,Female,1.7,155,1.52,
999,44,Male,1.79,155,1.51,HIIT
1000,52,Female,1.59,163,1.39,Strength
1001,51,Male,1.77,130,1.21,HIIT
1002,31,Male,1.76,151,1.29,Strength
1003,47,Male,1.64,165,2.0,Strength
1004,43,Female,1.66,134,0.73,Yoga
1005,23,Male,1.93,139,1.15,
1006,57,Female,1.52,157,1.31,
1007,56,Male,1.87,156,0.68,HIIT
1008,42,Male,1.98,128,1.37,Yoga
1009,42,Male,1.64,150,0.63,
1010,31,Female,1.7,144,1.97,Strength
1011,19,Male,1.87,138,0.61,Cardio
1012,18,Female,1.54,125,0.4402962802885803,Strength
1013,54,Female,1.59,166,12.143825702189822,Cardio
1014,39,Female,1.56,148,1.22,
1015,42,Male,1.87,165,1.38,
1016,28,Female,1.62,147,0.68,Strength
1017,34,Female,1.52,132,1.13,
1018,56,Male,1.73,126,1.09,Yoga
1019,49,Male,1.99,161,0.93,HIIT
1020,19,Female,1.68,164,1.42,Cardio
1021,27,Female,1.76,121,0.94,
1022,24,Female,1.79,135,1.42,Cardio
1023,51,Female,1.58,129,0.86,HIIT
1024,49,Male,1.72,120,1.4,
1025,50,Female,1.6,140,1.88,Yoga
1026,35,Male,1.66,161,1.3,
1027,18,Female,1.6,164,0.6,
1028,82,Male,1.61,168,1.38,Yoga
1029,40,Male,1.92,137,1.13,Yoga
1030,43,Female,1.66,151,0.99,Strength
1031,22,Male,1.84,153,1.25,Strength
1032,50,Female,1.55,145,0.89,HIIT
1033,41,Male,1.78,149,1.26,Yoga
1034,211,Male,1.78,149,1.26,Yoga
1035,50,Male,1.61,133,1.16,
1036,53,Male,1.7,152,1.15,
1037,57,Female,1.76,130,1.44,Strength
1038,35,Female,1.67,168,1.13,Strength
1039,46,Female,1.61,152,1.0,Strength
1040,51,Male,1.78,157,0.54,Strength
1041,39,Female,1.6,151,0.89,
1042,45,Male,1.76,131,1.7,
1043,52,Female,1.63,148,1.17,Strength
1044,53,Female,1.59,164,1.49,HIIT
1045,22,Male,1.88,135,0.52,Cardio
1046,33,Female,1.63,147,1.07,Yoga
1047,23,Female,1.61,160,1.34,
1048,18,Female,1.59,162,1.23,strength
1049,54,Male,1.62,143,1.04,HIIT
1050,47,Female,1.54,131,1.95,
1051,36,Male,1.69,138,1.3,
1052,43,Male,1.73,150,1.33,Cardio
1053,54,Male,1.68,164,0.55,Yoga
1054,24,Female,1.57,166,1.29,HIIT
1055,33,Female,1.67,124,0.9,Cardio
1056,40,Female,1.61,159,1.31,Cardio
1057,30,Male,1.68,134,1.46,
1058,49,Male,2.0,127,1.83,
1059,56,Male,1.85,144,1.57,Cardio
1060,33,Female,1.66,129,1.25,HIIT
1061,57,Female,1.63,131,0.69,
1062,28,Female,1.6,129,1.1,
1063,40,Male,1.87,134,1.96,STRENGTH
1064,23,Female,1.78,141,8.136736697635655,Yoga
1065,49,Male,1.64,155,1.2,
1066,27,Male,1.7,150,0.96,HI IT
1067,25,Female,1.56,156,1.35,
1068,34,Female,1.61,161,1.02,Strength
1069,33,Female,1.66,156,1.29,HIIT
1070,24,Female,1.56,138,1.42,HIIT
1071,33,Male,1.89,144,1.45,Cardio
1072,41,Male,1.83,133,1.13,
1073,54,Male,1.93,163,1.74,Strength
1074,55,Male,1.68,167,0.77,Yoga
1075,38,Female,1.51,145,1.25,
1076,45,Male,1.88,153,1.08,Strength
1077,34,Female,1.62,158,0.87935125985327,Yoga
1078,30,Male,1.92,127,1.13,HIIT
1079,18,Male,1.85,121,0.88,Strength
1080,55,Male,1.71,130,1.03,Strength
1081,30,Female,1.67,162,1.02,
1082,27,Male,1.63,135,1.75,
1083,20,Male,1.75,121,1.33,
1084,55,Male,1.73,155,0.69,
1085,57,Male,1.61,165,0.2837326574116518,Cardio
1086,50,Female,1.75,166,7.453198410692886,Strength
1087,54,Female,1.5,165,1.38,Strength
1088,-116,Male,1.83,123,1.41,HIIT
1089,32,Female,1.58,135,1.87,
1090,47,Male,1.84,136,1.37,
1091,31,Female,1.8,157,0.59,Cardio
1092,56,Female,1.64,155,1.1,
1093,18,Female,1.55,161,1.42,Yoga
1094,39,Male,1.82,161,1.26,Strength
1095,18,Female,1.75,122,0.94,Yoga
1096,25,Female,1.71,167,1.12,
1097,42,Female,1.72,142,1.37,
1098,22,Male,1.84,153,3.1782387785211808,Strength
1099,29,Female,1.72,168,1.08,
1100,23,Female,1.62,156,1.37,
1101,21,Female,1.57,152,1.94,HIIT
1102,54,Male,1.66,131,1.42,
1103,23,Female,1.62,168,2.1818783628483724,Cardio
1104,24,Female,1.76,130,0.63,HIIT
1105,47,Female,1.75,146,1.13,Strength
1106,42,Female,1.53,149,1.288345135229493,Strength
1107,40,Female,1.61,158,1.55,Yoga
1108,23,Male,1.85,150,1.6,Cardio
1109,41,Female,1.74,149,1.34,
1110,20,Male,1.82,145,1.25,
1111,19,Male,1.91,149,2.463756094164912,Strength
1112,43,Male,1.88,163,1.03,Yoga
1113,27,Male,1.97,165,1.13,strength
1114,25,Male,1.98,122,1.15,Yoga
1115,29,Male,1.62,122,1.52,Strength
1116,57,Female,1.63,134,1.2,Yoga
1117,53,Male,1.97,139,1.3,
1118,49,Male,1.87,131,1.14,
1119,58,Male,1.91,156,1.49,Yoga
1120,22,Female,1.56,133,1.47,
1121,51,Female,1.58,168,0.97,Cardio
1122,48,Male,1.61,167,1.06,Yoga
1123,28,Male,1.94,127,1.03,Strength
1124,23,Female,1.75,145,0.82,Yoga
1125,44,Male,1.63,129,1.34,yoga
1126,36,Male,1.72,169,1.49,Cardio
1127,26,Male,1.76,163,1.15,Yoga
1128,24,Male,1.79,154,2.6300984579757736,HIIT
1129,21,Male,1.73,146,1.0,Cardio
1130,44,Female,1.52,136,1.58,Yoga
1131,24,Female,1.79,135,0.9009368916748436,Cardio
1132,50,Male,1.71,153,1.07,Yoga
1133,29,Female,1.57,132,5.412031764659631,Yoga
1134,26,Male,2.0,133,0.75,
1135,33,Male,1.6,152,1.4,Strength
1136,44,Female,1.75,155,1.02,
1137,50,Female,1.58,120,1.93,Yoga
1138,21,Female,1.78,138,0.55,
1139,28,Male,1.86,158,1.06,Strength
1140,58,Female,1.68,159,0.3126030852239677,Yoga
1141,45,Female,1.79,130,0.74,Cardio
1142,53,Male,1.95,138,0.89,
1143,47,Female,1.76,153,1.54,HIIT
1144,32,Male,1.92,165,1.42,Strength
1145,48,Female,1.51,126,1.37,HIIT
1146,42,Female,1.53,149,1.07,
1147,52,Female,1.51,165,1.83,HIIT
1148,43,Male,1.72,147,0.82,
1149,19,Male,1.78,161,1.28,Cardio
1150,84,Male,1.68,138,0.66,Yoga
1151,59,Female,1.68,121,1.17,
1152,52,Female,1.52,139,1.27,Catdio
1153,56,Male,1.86,129,1.0,
1154,35,Female,1.56,139,1.71,Strength
1155,57,Male,1.69,155,1.15,Strength
1156,54,Female,1.69,131,1.69,
1157,55,Male,1.68,165,1.13,Cardio
1158,50,Male,1.79,130,1.17,
1159,59,Female,1.73,154,1.03,Yoga
1160,41,Male,1.62,139,1.13,
1161,28,Male,1.86,158,1.5450299463538777,Strength
1162,56,Female,1.53,124,1.91,Cardio
1163,34,Female,1.57,158,1.47,
1164,42,Female,1.67,133,1.76,Cardio
1165,56,Female,1.58,142,1.45,
1166,43,Male,1.85,142,1.22,
1167,57,Female,1.67,153,1.05,
1168,51,Female,1.58,129,0.86,
1169,33,Female,1.67,124,0.9,Cardio
1170,41,Female,1.64,147,1.42,HIIT
1171,35,Female,1.56,139,1.71,Strength
1172,37,Male,1.95,135,1.7918886284218498,Yoga
1173,25,Female,1.71,142,0.89,
1174,49,Female,1.52,150,1.45,
1175,45,Male,1.85,161,1.2,
1176,55,Female,1.62,162,0.54,Strength
1177,28,Female,1.67,147,1.13,Cardio
1178,56,Male,1.95,129,1.0,
1179,28,Male,1.94,127,1.03,Strength
1180,18,Female,1.75,160,1.29,
1181,21,Male,1.61,152,1.32,
1182,20,Male,1.82,145,1.25,Cardio
1183,29,Female,1.62,161,0.85,
1184,37,Female,1.76,121,1.21,Strength
1185,25,Male,1.96,120,0.67,Strength
1186,56,Male,1.8,131,1.26,Strength
1187,51,Male,1.77,155,1.47,Strength
1188,27,Male,1.68,135,1.28,Cardio
1189,20,Male,1.81,161,1.35,Yoga
1190,45,Male,1.95,135,1.47,
1191,51,Female,1.63,137,1.08,
1192,28,Female,1.67,157,0.61,Strength
1193,43,Male,1.92,161,1.24,Yoga
1194,49,Female,1.54,153,1.28,HIIT
1195,25,Male,1.96,135,1.42,
1196,45,Female,1.64,159,1.25,
1197,56,Male,1.66,166,1.29,Cardio
1198,47,Female,1.75,146,1.13,Strength
1199,50,Female,1.53,155,0.6056487589445138,Strength
1200,32,Male,1.92,165,0.5119175358833699,Strength
1201,48,Female,1.66,130,0.74,Yoga
1202,18,Male,1.97,128,1.03,Cardio
1203,19,Male,1.94,148,1.17,Yoga
1204,41,Male,2.0,136,1.18,HIIT
1205,18,Female,1.75,122,0.1746667324814899,Yoga
1206,37,Male,1.76,158,1.5,
1207,39,Male,1.64,127,0.97,
1208,-75,Female,1.69,163,1.28,Strength
1209,50,Female,1.55,122,1.85,Strength
1210,30,Female,1.56,125,1.03,Yoga
1211,30,Male,1.68,134,1.46,Strength
1212,21,Male,1.86,129,1.4875712405068824,HIIT
1213,24,Female,1.76,130,0.63,HIIT
1214,59,Female,1.65,132,1.22,Strength
1215,34,Female,1.62,150,1.13,Cardio
1216,25,Female,1.68,165,0.95,
1217,33,Female,1.75,150,0.85,Strength
1218,40,Female,1.69,156,1.18,HIIT
1219,-19,Male,1.97,139,1.3,HIIT
1220,23,Male,1.6,163,1.47,Cardio
1221,38,Male,1.92,150,1.31,Cardio
1222,50,Male,1.68,139,1.79,Cardio
1223,43,Female,1.8,166,0.79,Cardio
1224,24,Male,1.79,154,1.76,HIIT
1225,36,Male,1.93,132,1.49,Cardio
1226,44,Male,1.97,167,1.66,Ypoga
1227,53,Female,1.7,139,1.06,
1228,43,Male,1.76,122,1.09,Yoga
1229,18,Male,1.8,153,1.1,
1230,31,Male,1.62,157,0.56,Strength
1231,38,Male,1.8,149,1.72,Cardio
1232,41,Female,1.64,131,1.93,Yoga
1233,30,Female,1.77,130,1.41,Cardio
1234,34,Female,1.62,158,1.42,Yoga
1235,31,Female,1.76,133,1.22,
1236,54,Female,1.6,145,1.1,GYoga
1237,23,Male,1.8,162,0.7,
1238,50,Female,1.5,141,1.32,HIIT
1239,58,Male,1.75,137,1.09,HIIT
1240,42,Female,1.5,131,1.15,HIIT
1241,41,Female,1.64,147,1.42,HIIT
1242,49,Male,1.95,159,1.91,Yoga
1243,19,Female,1.57,162,1.65,Cardio
1244,26,Male,1.68,157,1.97,Strength
1245,40,Male,1.93,157,1.38,Cardiio
1246,46,Male,1.64,169,1.4,
1247,33,Male,1.61,130,1.04,HIIT
1248,55,Female,1.73,158,1.08,Yoga
1249,18,Female,1.53,147,1.29,Yoga
1250,157,Female,1.68,135,1.29,HIIT
1251,33,Female,1.76,145,1.15,Strength
1252,45,Male,1.72,150,1.31,HIIT
1253,19,Male,1.96,169,1.9,HIIT
1254,25,Male,1.99,121,1.13,
1255,53,Male,1.63,124,0.54,Cardio
1256,33,Male,1.75,140,1.4,HIIT
1257,25,Male,1.88,156,1.34,Cardio
1258,58,Female,1.63,121,1.12,HIIT
1259,36,Female,1.78,121,0.85,
1260,38,Female,1.56,132,1.64,HIIT
1261,30,Male,1.87,142,0.64,Yogqa
1262,31,Male,1.93,135,1.881487793622284,Cardio
1263,55,Female,1.66,160,1.06,
1264,34,Male,1.86,139,1.42,
1265,38,Male,1.74,167,1.03,Strength
1266,57,Female,1.52,143,0.92,
1267,40,Male,1.65,162,1.32,
1268,52,Male,1.85,152,1.3625700734064663,Cardio
1269,52,Male,1.62,150,1.3,Strength
1270,29,Male,2.0,152,1.36,Strength
1271,57,Male,1.65,166,2.985545981423299,HIIT
1272,57,Male,1.89,134,1.13,Cardio
1273,56,Male,1.92,136,0.68,Strength
1274,56,Male,1.61,168,1.38,Yoga
1275,38,Male,1.74,151,1.66,
1276,51,Male,1.71,169,1.14,Strength
1277,36,Female,1.64,157,1.13,Strength
1278,22,Female,1.56,133,1.47,Strength
1279,18,Female,1.79,126,1.11,Cardio
1280,41,Female,1.79,132,1.4,Yoga
1281,57,Female,1.52,143,0.92,HIIT
1282,45,Male,1.81,153,1.7,Yoga
1283,55,Male,1.86,144,1.36,Strength
1284,50,Female,1.6,140,1.88,
1285,49,Male,1.84,146,1.29,
1286,52,Male,1.8,136,1.7,Strength
1287,23,Male,1.93,139,1.15,HIIT
1288,40,Male,1.88,141,1.22,Cardio
1289,49,Male,1.61,158,1.03,Strength
1290,39,Male,1.77,166,1.32,Strength
1291,47,Female,1.76,137,1.37,Strenggh
1292,32,Male,1.8,138,1.27,HIIT
1293,31,Female,1.7,144,1.97,Strength
1294,22,Male,1.88,135,0.52,Cardio
1295,32,Male,1.92,168,1.93,Strength
1296,23,Male,1.99,130,1.79,
1297,25,Male,1.61,166,1.38,Strength
1298,54,Female,1.74,129,1.24,
1299,54,Female,1.61,157,1.48,HIIT
1300,20,Female,1.58,166,1.04,
1301,26,Female,1.51,129,1.7,
1302,55,Male,1.77,157,1.0,
1303,30,Male,1.91,137,1.27,
1304,51,Male,1.65,153,1.22,HIIT
1305,56,Male,1.78,126,1.29,Yoga
1306,53,Male,1.76,151,1.09,Yoga
1307,53,Male,1.95,138,0.0931638444758436,HIIT
1308,43,Male,1.78,152,1.58,
1309,50,Male,1.84,124,1.38,Strength
1310,18,Male,1.74,168,1.41,
1311,-13,Male,1.84,120,1.26,HIIT
1312,52,Female,1.68,125,1.6,
1313,25,Female,1.55,120,0.55,Yoga
1314,35,Female,1.6,156,1.03,Cardio
1315,45,Female,1.51,142,1.15,Strength
1316,27,Male,1.97,165,1.13,Strength
1317,57,Male,1.69,133,1.76,
1318,36,Male,1.71,160,1.87,
1319,20,Male,1.6,168,1.12,
1320,31,Male,1.76,151,1.29,Strength
1321,18,Female,1.55,125,0.84,
1322,59,Female,1.68,121,1.17,Cardio
1323,18,Male,1.61,168,1.3,
